<?xml version="1.0" encoding="UTF-8" ?>
<document>
<!--The data in this file is primarily intended for consumption by Xilinx tools.
The structure and the elements are likely to change over the next few releases.
This means code written to parse this file will need to be revisited each subsequent release.-->
<application name="pa" timeStamp="Wed Apr 11 22:29:41 2018">
<section name="Project Information" visible="false">
<property name="ProjectID" value="007bc351d1654609ad270e1c869682d9" type="ProjectID"/>
<property name="ProjectIteration" value="2" type="ProjectIteration"/>
</section>
<section name="PlanAhead Usage" visible="true">
<item name="Project Data">
<property name="SrcSetCount" value="1" type="SrcSetCount"/>
<property name="ConstraintSetCount" value="1" type="ConstraintSetCount"/>
<property name="DesignMode" value="RTL" type="DesignMode"/>
<property name="SynthesisStrategy" value="Vivado Synthesis Defaults" type="SynthesisStrategy"/>
<property name="ImplStrategy" value="Vivado Implementation Defaults" type="ImplStrategy"/>
</item>
<item name="Java Command Handlers">
<property name="AddSources" value="1" type="JavaHandler"/>
<property name="EditUndo" value="1" type="JavaHandler"/>
<property name="NewProject" value="1" type="JavaHandler"/>
<property name="ProjectSettingsCmdHandler" value="4" type="JavaHandler"/>
<property name="RunImplementation" value="1" type="JavaHandler"/>
<property name="RunSchematic" value="2" type="JavaHandler"/>
<property name="RunSynthesis" value="9" type="JavaHandler"/>
<property name="SimulationClose" value="5" type="JavaHandler"/>
<property name="SimulationRelaunch" value="5" type="JavaHandler"/>
<property name="SimulationRestart" value="15" type="JavaHandler"/>
<property name="SimulationRun" value="8" type="JavaHandler"/>
<property name="SimulationRunForTime" value="15" type="JavaHandler"/>
<property name="ToggleAutoFitSelection" value="1" type="JavaHandler"/>
<property name="ToggleViewNavigator" value="7" type="JavaHandler"/>
<property name="ViewTaskImplementation" value="1" type="JavaHandler"/>
<property name="WaveformSaveConfiguration" value="1" type="JavaHandler"/>
<property name="ZoomFit" value="1" type="JavaHandler"/>
</item>
<item name="Gui Resources Info">
<property name="4bit_tb.v, 1, 107, false, false, false, true, false" value="1" type="GuiResourceData"/>
<property name="4bit_tb.v, 110, 251" value="1" type="GuiResourceData"/>
<property name="4bit_tb.v, 12, 419" value="1" type="GuiResourceData"/>
<property name="4bit_tb.v, 13, 404" value="1" type="GuiResourceData"/>
<property name="4bit_tb.v, 15, 259" value="1" type="GuiResourceData"/>
<property name="4bit_tb.v, 16, 251" value="1" type="GuiResourceData"/>
<property name="4bit_tb.v, 57, 373" value="1" type="GuiResourceData"/>
<property name="4bit_tb.v, 73, 247" value="1" type="GuiResourceData"/>
<property name="4bit_tb.v, 77, 247, false, false, false, false, true" value="1" type="GuiResourceData"/>
<property name="4bit_tb.v, 8, 335, false, false, false, true, false" value="1" type="GuiResourceData"/>
<property name="4bit_tb.v, 80, 361" value="1" type="GuiResourceData"/>
<property name="PAResourceCommand.PACommandNames_SIMULATION_RELAUNCH, simulation_relaunch" value="1" type="GuiResourceData"/>
<property name="PAResourceCommand.PACommandNames_SIMULATION_RUN_BEHAVIORAL, Run Behavioral Simulation" value="1" type="GuiResourceData"/>
<property name="PAResourceEtoH.FlowNavigatorTreePanel_FLOW_NAVIGATOR_TREE, [, RTL Analysis], 12, true" value="1" type="GuiResourceData"/>
<property name="PAResourceEtoH.FlowNavigatorTreePanel_FLOW_NAVIGATOR_TREE, [, Simulation, Run Simulation], 11, false" value="1" type="GuiResourceData"/>
<property name="PAResourceEtoH.FlowNavigatorTreePanel_FLOW_NAVIGATOR_TREE, [, Synthesis, Open Synthesized Design, Schematic], 27, false" value="1" type="GuiResourceData"/>
<property name="PAResourceEtoH.FlowNavigatorTreePanel_FLOW_NAVIGATOR_TREE, [, Synthesis, Open Synthesized Design], 16" value="1" type="GuiResourceData"/>
<property name="PAResourceOtoP.PAViews_CODE, Code" value="4" type="GuiResourceData"/>
<property name="RDIResource.GraphicalView_ZOOM_FIT, Waveform Viewer_zoom_fit" value="1" type="GuiResourceData"/>
<property name="RDIResource.GraphicalView_ZOOM_IN, Waveform Viewer_zoom_in" value="5" type="GuiResourceData"/>
<property name="RDIResource.GraphicalView_ZOOM_OUT, Waveform Viewer_zoom_out" value="4" type="GuiResourceData"/>
<property name="RDIResource.HInputHandler_TOGGLE_LINE_COMMENTS, Toggle Line Comments" value="2" type="GuiResourceData"/>
<property name="RDIResource.RDIViews_WAVEFORM_VIEWER, 1, 171" value="1" type="GuiResourceData"/>
<property name="RDIResource.WaveformNameTree_WAVEFORM_NAME_TREE, [true, inNum1[31:0]], 0, true" value="1" type="GuiResourceData"/>
<property name="RDIResource.WaveformNameTree_WAVEFORM_NAME_TREE, [true, inNum1[31:0]], 0, true, false, false, false, true, false" value="2" type="GuiResourceData"/>
<property name="RDIResource.WaveformNameTree_WAVEFORM_NAME_TREE, [true, inNum1[31:0]], 0, true, true, false, false, false, false" value="1" type="GuiResourceData"/>
<property name="RDIResource.WaveformNameTree_WAVEFORM_NAME_TREE, [true, inNum2[31:0]], 1, true" value="1" type="GuiResourceData"/>
<property name="RDIResource.WaveformNameTree_WAVEFORM_NAME_TREE, [true, outNum[63:0]], 2, true" value="2" type="GuiResourceData"/>
<property name="RDIResource.WaveformNameTree_WAVEFORM_NAME_TREE, [true, outNum[63:0]], 2, true, true, false, false, false, false" value="1" type="GuiResourceData"/>
<property name="RDIResource.WaveformView_GOTO_TIME_0, Waveform Viewer_waveformGotoTime0" value="3" type="GuiResourceData"/>
<property name="RDIResourceCommand.RDICommands_SAVE_FILE, (String" value="1" type="GuiResourceData"/>
</item>
<item name="Other">
<property name="GuiMode" value="153" type="GuiMode"/>
<property name="BatchMode" value="0" type="BatchMode"/>
<property name="TclMode" value="126" type="TclMode"/>
</item>
</section>
</application>
</document>
